0,1,2,3,4,output_0,output_1,output_2,output_3,output_4,exec_time,avg_cpu_util,core_load
8,9,15,13,6,20,19,0,1,2,6618.276311,20.6,0.125
17,4,5,12,0,20,0,1,19,18,6618.276311,20.6,0.125
14,3,11,12,0,0,20,19,18,1,6618.276311,20.6,0.125
18,17,5,3,4,0,20,1,19,2,6618.276311,20.6,0.125
4,13,11,9,10,20,0,1,19,18,6618.276311,20.6,0.125
19,13,4,0,17,0,1,2,20,3,6618.276311,20.6,0.125
3,13,12,7,8,20,0,1,2,19,6618.276311,20.6,0.125
3,14,16,2,12,20,0,1,2,19,6618.276311,20.6,0.125
13,18,7,5,14,0,20,19,18,17,6618.276311,20.6,0.125
7,18,4,0,1,0,20,19,18,17,6618.276311,20.6,0.125
4,2,1,8,18,20,19,0,18,17,6618.276311,20.6,0.125
1,16,14,11,7,20,0,1,19,2,6618.276311,20.6,0.125
0,13,14,8,18,20,0,1,2,3,6618.276311,20.6,0.125
6,0,18,4,1,0,20,1,19,18,6618.276311,20.6,0.125
16,13,8,15,6,20,0,1,2,3,6618.276311,20.6,0.125
11,4,16,3,13,0,1,20,2,3,6618.276311,20.6,0.125
16,3,19,2,5,0,1,20,19,2,6618.276311,20.6,0.125
9,1,15,18,7,0,1,20,19,2,6618.276311,20.6,0.125
17,9,18,13,16,20,0,1,2,3,6618.276311,20.6,0.125
5,19,13,15,10,20,19,0,1,2,6618.276311,20.6,0.125
12,7,6,9,17,0,20,19,1,18,6618.276311,20.6,0.125
9,6,15,16,13,20,19,0,18,17,6618.276311,20.6,0.125
16,11,18,9,10,20,19,18,0,1,6618.276311,20.6,0.125
15,17,4,16,6,20,0,19,18,1,6618.276311,20.6,0.125
5,8,6,17,1,0,20,19,1,18,6618.276311,20.6,0.125
11,12,18,6,16,20,0,19,1,18,6618.276311,20.6,0.125
15,19,9,12,11,0,1,20,2,19,6618.276311,20.6,0.125
9,12,0,16,19,20,0,19,1,2,6618.276311,20.6,0.125
17,12,8,19,6,0,20,19,1,18,6618.276311,20.6,0.125
2,9,8,4,6,0,20,19,1,18,6618.276311,20.6,0.125
18,14,9,2,16,20,0,1,19,18,6618.276311,20.6,0.125
16,11,12,5,19,0,1,2,20,3,6618.276311,20.6,0.125
17,18,9,2,0,0,20,19,18,1,6618.276311,20.6,0.125
1,7,9,0,12,0,20,19,1,2,6618.276311,20.6,0.125
4,19,6,15,8,20,0,19,18,17,6618.276311,20.6,0.125
5,19,10,1,0,20,0,1,19,18,6618.276311,20.6,0.125
1,8,10,2,11,0,1,20,19,2,6618.276311,20.6,0.125
9,8,15,19,2,20,19,18,17,0,6618.276311,20.6,0.125
13,16,5,12,8,20,0,19,18,1,6618.276311,20.6,0.125
11,5,4,3,16,20,19,18,0,17,6618.276311,20.6,0.125
14,7,18,5,0,20,19,0,1,2,6618.276311,20.6,0.125
17,1,2,15,9,20,19,0,1,18,6618.276311,20.6,0.125
16,19,10,5,9,0,20,1,2,19,6618.276311,20.6,0.125
7,15,13,3,8,20,0,19,18,17,6618.276311,20.6,0.125
12,3,5,14,6,0,20,1,2,3,6618.276311,20.6,0.125
10,14,13,16,12,20,19,0,1,18,6618.276311,20.6,0.125
15,5,17,2,16,0,20,19,18,1,6618.276311,20.6,0.125
8,1,0,9,13,0,1,2,20,19,6618.276311,20.6,0.125
0,17,2,7,14,0,1,2,20,3,6618.276311,20.6,0.125
3,13,10,1,14,20,0,1,19,2,6618.276311,20.6,0.125
3,9,15,11,19,20,0,1,19,2,6618.276311,20.6,0.125
8,0,17,15,11,20,19,18,17,16,6618.276311,20.6,0.125
9,2,17,3,1,20,0,1,19,2,6618.276311,20.6,0.125
0,7,6,4,10,0,1,20,2,19,6618.276311,20.6,0.125
4,6,9,16,19,0,20,1,2,19,6618.276311,20.6,0.125
12,17,4,14,10,20,0,1,19,18,6618.276311,20.6,0.125
10,14,15,3,19,20,19,18,17,16,6618.276311,20.6,0.125
4,11,18,17,19,20,19,0,1,18,6618.276311,20.6,0.125
2,16,17,19,0,20,19,18,0,17,6618.276311,20.6,0.125
13,0,19,4,1,20,19,0,1,18,6618.276311,20.6,0.125
15,17,13,18,11,20,0,1,19,18,6618.276311,20.6,0.125
1,0,4,2,14,0,1,2,20,3,6618.276311,20.6,0.125
3,2,16,9,11,20,19,18,0,1,6618.276311,20.6,0.125
7,18,13,3,4,0,1,2,3,4,6618.276311,20.6,0.125
14,6,15,5,8,20,0,19,18,17,6618.276311,20.6,0.125
16,14,0,3,8,0,20,19,18,17,6618.276311,20.6,0.125
2,18,14,4,9,20,0,1,19,2,6618.276311,20.6,0.125
4,17,2,9,15,20,0,1,2,3,6618.276311,20.6,0.125
5,14,11,3,4,20,19,18,0,17,6618.276311,20.6,0.125
12,15,10,11,8,20,19,18,0,17,6618.276311,20.6,0.125
9,6,0,18,7,0,20,19,1,18,6618.276311,20.6,0.125
8,12,0,11,18,20,19,18,0,17,6618.276311,20.6,0.125
6,14,16,3,7,20,0,19,18,17,6618.276311,20.6,0.125
19,3,4,15,8,20,0,1,19,2,6618.276311,20.6,0.125
19,1,5,10,8,20,0,1,19,2,6618.276311,20.6,0.125
7,6,11,12,8,20,0,1,2,3,6618.276311,20.6,0.125
2,8,6,4,0,0,1,2,3,4,6618.276311,20.6,0.125
15,11,13,8,17,20,0,1,2,3,6618.276311,20.6,0.125
9,2,18,6,7,20,0,1,2,3,6618.276311,20.6,0.125
2,6,15,8,17,20,0,1,19,2,6618.276311,20.6,0.125
13,11,15,12,9,20,19,0,1,18,6618.276311,20.6,0.125
8,0,14,18,19,20,19,18,0,17,6618.276311,20.6,0.125
6,14,2,18,7,0,20,19,18,1,6618.276311,20.6,0.125
12,0,9,14,16,20,0,1,19,18,6618.276311,20.6,0.125
0,10,18,6,15,20,0,1,19,18,6618.276311,20.6,0.125
8,12,9,11,17,0,1,2,20,19,6618.276311,20.6,0.125
12,3,0,19,17,20,0,1,19,2,6618.276311,20.6,0.125
6,16,11,12,10,20,19,18,17,16,6618.276311,20.6,0.125
18,3,0,6,5,0,1,20,19,18,6618.276311,20.6,0.125
4,12,2,9,5,20,0,1,2,3,6618.276311,20.6,0.125
14,8,7,2,3,0,20,19,1,18,6618.276311,20.6,0.125
16,8,4,6,11,20,19,0,1,18,6618.276311,20.6,0.125
9,0,12,1,11,0,20,1,2,19,6618.276311,20.6,0.125
19,14,5,15,10,20,0,19,18,17,6618.276311,20.6,0.125
0,3,7,5,12,0,20,19,18,1,6618.276311,20.6,0.125
0,5,11,15,13,20,0,1,19,2,6618.276311,20.6,0.125
1,8,11,0,12,20,19,0,18,17,6618.276311,20.6,0.125
14,11,16,10,7,0,20,19,1,18,6618.276311,20.6,0.125
2,11,14,15,17,20,0,1,19,2,6618.276311,20.6,0.125
14,15,18,11,3,20,0,19,18,17,6618.276311,20.6,0.125
8,7,14,11,6,20,0,19,18,17,6618.276311,20.6,0.125
3,0,11,4,13,0,20,19,1,18,6618.276311,20.6,0.125
2,15,3,4,19,20,0,1,19,2,6618.276311,20.6,0.125
1,18,6,9,3,20,0,1,19,18,6618.276311,20.6,0.125
9,0,3,11,8,20,0,1,2,3,6618.276311,20.6,0.125
0,19,11,7,2,20,0,1,19,18,6618.276311,20.6,0.125
10,7,13,15,16,20,19,0,1,18,6618.276311,20.6,0.125
0,6,3,14,18,20,0,1,19,18,6618.276311,20.6,0.125
5,19,3,9,8,20,0,1,19,2,6618.276311,20.6,0.125
4,10,6,11,7,20,19,18,0,17,6618.276311,20.6,0.125
16,8,1,17,2,20,19,0,1,18,6618.276311,20.6,0.125
0,4,3,6,10,0,20,19,1,18,6618.276311,20.6,0.125
8,5,3,6,4,20,19,0,1,18,6618.276311,20.6,0.125
5,12,17,15,19,20,19,18,0,17,6618.276311,20.6,0.125
18,14,16,10,5,20,19,0,18,17,6618.276311,20.6,0.125
18,17,11,10,15,20,0,1,2,3,6618.276311,20.6,0.125
17,7,18,8,6,20,19,18,17,16,6618.276311,20.6,0.125
15,3,2,16,0,20,19,0,1,18,6618.276311,20.6,0.125
16,18,2,15,10,20,19,18,17,16,6618.276311,20.6,0.125
19,8,5,7,10,20,0,1,19,18,6618.276311,20.6,0.125
7,17,5,12,11,0,1,2,3,4,6618.276311,20.6,0.125
19,1,12,2,7,20,19,18,0,17,6618.276311,20.6,0.125
8,0,6,16,4,20,0,1,19,2,6618.276311,20.6,0.125
2,16,11,3,13,20,19,18,0,1,6618.276311,20.6,0.125
15,2,7,4,11,20,19,18,0,17,6618.276311,20.6,0.125
9,10,7,6,4,20,0,1,19,18,6618.276311,20.6,0.125
4,14,0,17,11,20,19,0,18,17,6618.276311,20.6,0.125
2,16,9,15,6,20,0,1,19,2,6618.276311,20.6,0.125
19,13,5,2,16,0,20,1,2,19,6618.276311,20.6,0.125
3,6,8,1,14,20,19,0,1,18,6618.276311,20.6,0.125
17,6,2,3,10,20,0,1,19,18,6618.276311,20.6,0.125
9,8,6,14,3,20,19,18,0,1,6618.276311,20.6,0.125
0,3,11,15,6,20,0,1,2,3,6618.276311,20.6,0.125
2,5,4,12,10,20,19,0,1,18,6618.276311,20.6,0.125
0,19,14,12,11,20,0,19,1,2,6618.276311,20.6,0.125
19,7,14,17,11,20,0,1,2,19,6618.276311,20.6,0.125
6,14,9,3,1,20,19,0,1,2,6618.276311,20.6,0.125
12,1,6,2,3,20,0,19,18,17,6618.276311,20.6,0.125
1,10,14,3,0,20,0,1,19,2,6618.276311,20.6,0.125
15,11,2,16,0,0,20,19,18,17,6618.276311,20.6,0.125
1,14,18,19,6,20,0,1,2,3,6618.276311,20.6,0.125
12,14,16,13,0,20,0,19,18,17,6618.276311,20.6,0.125
9,17,12,0,1,0,20,1,19,2,6618.276311,20.6,0.125
13,3,18,19,16,20,19,0,1,18,6618.276311,20.6,0.125
17,13,1,15,16,20,0,1,19,2,6618.276311,20.6,0.125
9,8,3,19,1,20,0,1,19,18,6618.276311,20.6,0.125
7,13,17,16,5,20,19,0,1,18,6618.276311,20.6,0.125
19,9,13,4,16,20,19,0,1,18,6618.276311,20.6,0.125
7,10,6,19,3,20,19,0,18,17,6618.276311,20.6,0.125
12,18,1,9,7,0,20,1,19,18,6618.276311,20.6,0.125
2,8,5,16,1,20,19,0,18,17,6618.276311,20.6,0.125
10,2,12,9,3,20,19,0,18,17,6618.276311,20.6,0.125
12,14,19,2,6,20,0,19,18,17,6618.276311,20.6,0.125
15,18,16,19,2,20,0,19,18,17,6618.276311,20.6,0.125
7,5,10,14,1,0,1,2,20,3,6618.276311,20.6,0.125
1,14,12,5,3,0,20,19,1,18,6618.276311,20.6,0.125
16,17,8,4,10,20,0,19,18,17,6618.276311,20.6,0.125
13,17,3,6,9,20,0,19,18,17,6618.276311,20.6,0.125
10,16,13,12,18,0,1,20,19,18,6618.276311,20.6,0.125
19,18,5,8,7,0,20,1,19,2,6618.276311,20.6,0.125
4,14,12,15,16,0,1,2,20,19,6618.276311,20.6,0.125
12,9,16,18,4,0,20,1,19,18,6618.276311,20.6,0.125
13,6,0,14,4,0,20,19,1,18,6618.276311,20.6,0.125
9,17,4,11,13,20,0,1,19,2,6618.276311,20.6,0.125
6,19,0,13,9,0,20,19,18,17,6618.276311,20.6,0.125
2,4,16,6,14,20,19,0,1,18,6618.276311,20.6,0.125
16,17,18,4,3,20,0,19,18,17,6618.276311,20.6,0.125
5,0,6,3,19,20,19,18,0,17,6618.276311,20.6,0.125
1,9,15,17,4,20,0,19,18,17,6618.276311,20.6,0.125
6,18,3,9,11,0,20,1,2,19,6618.276311,20.6,0.125
10,17,16,9,15,0,1,20,19,18,6618.276311,20.6,0.125
1,12,14,18,0,20,0,19,18,17,6618.276311,20.6,0.125
11,17,19,18,14,20,19,0,18,17,6618.276311,20.6,0.125
13,16,11,1,17,20,0,19,18,17,6618.276311,20.6,0.125
2,4,10,15,17,20,19,18,0,17,6618.276311,20.6,0.125
18,8,12,13,10,20,0,1,19,18,6618.276311,20.6,0.125
9,19,18,16,6,20,19,18,17,16,6618.276311,20.6,0.125
8,0,14,19,5,20,0,1,2,3,6618.276311,20.6,0.125
0,6,17,5,8,20,0,19,18,17,6618.276311,20.6,0.125
18,3,16,6,13,20,19,18,17,16,6618.276311,20.6,0.125
12,1,13,10,18,20,19,0,1,18,6618.276311,20.6,0.125
15,1,0,9,12,20,19,18,0,17,6618.276311,20.6,0.125
17,9,10,2,11,20,19,0,1,18,6618.276311,20.6,0.125
8,0,2,16,11,20,0,19,18,17,6618.276311,20.6,0.125
4,16,12,13,8,20,0,1,19,2,6618.276311,20.6,0.125
1,5,6,2,16,0,20,19,18,1,6618.276311,20.6,0.125
12,13,5,19,8,20,0,19,1,18,6618.276311,20.6,0.125
7,12,0,8,1,20,0,19,1,2,6618.276311,20.6,0.125
12,18,10,16,8,20,19,18,0,17,6618.276311,20.6,0.125
18,13,15,8,12,20,0,19,18,17,6618.276311,20.6,0.125
4,12,13,10,1,20,19,18,0,17,6618.276311,20.6,0.125
10,1,14,8,3,0,20,19,1,18,6618.276311,20.6,0.125
10,12,19,4,1,20,19,0,1,18,6618.276311,20.6,0.125
10,3,17,15,16,20,0,19,1,18,6618.276311,20.6,0.125
8,13,16,14,5,20,19,18,0,17,6618.276311,20.6,0.125
15,2,8,0,12,0,20,19,1,2,6618.276311,20.6,0.125
11,0,4,3,13,20,19,18,0,17,6618.276311,20.6,0.125
3,18,15,16,2,0,20,19,18,17,6618.276311,20.6,0.125
9,0,7,2,13,20,19,18,17,16,6618.276311,20.6,0.125
13,16,7,15,14,20,19,18,0,17,6618.276311,20.6,0.125
3,17,14,9,16,0,20,19,1,18,6618.276311,20.6,0.125
9,11,4,19,16,20,0,1,2,3,6618.276311,20.6,0.125
8,17,9,15,5,20,0,19,18,17,6618.276311,20.6,0.125
11,4,7,14,10,20,19,18,0,17,6618.276311,20.6,0.125
2,4,1,3,16,20,0,19,1,18,6618.276311,20.6,0.125
11,12,5,17,0,0,1,20,19,2,6618.276311,20.6,0.125
0,18,12,7,11,20,0,19,18,17,6618.276311,20.6,0.125
4,14,3,10,7,20,19,0,1,18,6618.276311,20.6,0.125
17,16,2,13,18,0,20,1,19,18,6618.276311,20.6,0.125
14,3,9,16,10,0,20,19,1,18,6618.276311,20.6,0.125
18,10,15,14,4,20,0,1,19,2,6618.276311,20.6,0.125
13,0,2,1,18,20,0,1,19,2,6618.276311,20.6,0.125
9,5,3,18,19,20,19,18,0,17,6618.276311,20.6,0.125
17,3,15,4,16,20,0,19,1,2,6618.276311,20.6,0.125
18,7,3,13,17,20,0,19,18,17,6618.276311,20.6,0.125
13,4,14,5,2,20,0,1,19,18,6618.276311,20.6,0.125
9,17,0,16,15,20,19,18,0,17,6618.276311,20.6,0.125
13,11,4,8,19,0,20,1,2,3,6618.276311,20.6,0.125
16,10,12,19,8,0,1,20,2,19,6618.276311,20.6,0.125
7,13,10,1,0,0,1,20,19,2,6618.276311,20.6,0.125
6,18,16,17,1,0,20,1,2,19,6618.276311,20.6,0.125
16,2,5,9,19,20,0,1,19,18,6618.276311,20.6,0.125
2,15,11,9,1,0,20,1,19,18,6618.276311,20.6,0.125
6,8,2,14,0,0,20,19,1,18,6618.276311,20.6,0.125
1,12,19,7,15,20,0,1,19,2,6618.276311,20.6,0.125
1,18,8,17,13,20,0,1,2,19,6618.276311,20.6,0.125
8,11,16,13,0,20,0,1,19,2,6618.276311,20.6,0.125
2,9,4,18,14,20,19,18,0,17,6618.276311,20.6,0.125
5,4,15,14,3,20,0,19,18,1,6618.276311,20.6,0.125
3,6,7,4,15,0,20,19,1,18,6618.276311,20.6,0.125
18,5,1,10,3,0,1,2,3,20,6618.276311,20.6,0.125
2,17,19,14,13,20,0,1,19,2,6618.276311,20.6,0.125
7,16,11,12,15,0,1,2,3,20,6618.276311,20.6,0.125
16,13,15,12,8,20,0,1,19,18,6618.276311,20.6,0.125
11,18,1,8,19,20,0,1,19,2,6618.276311,20.6,0.125
12,6,16,5,10,20,19,0,1,18,6618.276311,20.6,0.125
17,11,12,7,10,20,19,18,0,17,6618.276311,20.6,0.125
4,12,19,10,6,0,20,19,1,18,6618.276311,20.6,0.125
6,15,12,13,11,20,0,1,2,3,6618.276311,20.6,0.125
3,10,13,5,12,20,19,18,0,17,6618.276311,20.6,0.125
14,8,13,2,4,0,1,2,20,3,6618.276311,20.6,0.125
7,10,11,16,5,0,20,1,2,19,6618.276311,20.6,0.125
13,7,2,16,9,20,19,18,0,17,6618.276311,20.6,0.125
16,11,9,4,17,0,20,19,1,18,6618.276311,20.6,0.125
9,1,13,11,16,20,19,0,1,18,6618.276311,20.6,0.125
3,18,17,9,7,20,19,18,0,17,6618.276311,20.6,0.125
2,15,12,10,6,20,0,1,19,2,6618.276311,20.6,0.125
18,19,2,16,8,20,0,1,19,18,6618.276311,20.6,0.125
2,12,14,16,7,20,0,1,19,18,6618.276311,20.6,0.125
5,13,8,19,2,0,20,1,2,19,6618.276311,20.6,0.125
14,10,15,5,4,20,0,1,19,2,6618.276311,20.6,0.125
18,11,14,17,6,20,0,1,19,2,6618.276311,20.6,0.125
12,8,18,5,7,0,20,1,19,18,6618.276311,20.6,0.125
10,0,9,4,15,0,20,1,2,3,6618.276311,20.6,0.125
11,6,2,14,17,0,20,1,2,3,6618.276311,20.6,0.125
2,7,3,13,6,0,20,1,2,3,6618.276311,20.6,0.125
10,15,4,9,0,20,19,18,0,1,6618.276311,20.6,0.125
8,9,0,14,4,0,20,1,2,3,6618.276311,20.6,0.125
18,7,10,15,2,20,0,1,19,18,6618.276311,20.6,0.125
11,2,14,6,7,20,0,1,19,18,6618.276311,20.6,0.125
5,11,14,12,6,20,0,1,19,2,6618.276311,20.6,0.125
0,4,7,17,10,20,0,1,19,18,6618.276311,20.6,0.125
4,11,5,10,18,0,20,19,1,2,6618.276311,20.6,0.125
18,16,1,0,17,20,0,1,19,2,6618.276311,20.6,0.125
7,4,11,19,10,20,0,1,19,2,6618.276311,20.6,0.125
14,9,10,0,18,20,0,1,19,18,6618.276311,20.6,0.125
1,8,6,18,15,20,0,1,19,2,6618.276311,20.6,0.125
13,17,12,6,10,0,20,1,2,19,6618.276311,20.6,0.125
16,17,5,19,1,20,19,18,0,17,6618.276311,20.6,0.125
4,5,0,6,18,0,20,1,2,3,6618.276311,20.6,0.125
14,17,1,3,2,20,19,0,18,1,6618.276311,20.6,0.125
18,9,7,14,0,20,19,18,0,17,6618.276311,20.6,0.125
15,3,19,12,6,20,0,1,19,18,6618.276311,20.6,0.125
15,1,5,11,0,20,19,0,18,17,6618.276311,20.6,0.125
12,18,17,5,0,0,20,19,1,2,6618.276311,20.6,0.125
6,11,8,13,15,0,20,1,2,3,6618.276311,20.6,0.125
4,15,11,3,2,0,20,19,1,2,6618.276311,20.6,0.125
12,9,13,14,8,20,0,1,19,18,6618.276311,20.6,0.125
19,17,9,5,6,0,20,1,2,19,6618.276311,20.6,0.125
18,19,6,10,14,20,0,1,19,18,6618.276311,20.6,0.125
16,19,4,2,10,20,0,1,19,2,6618.276311,20.6,0.125
19,9,15,10,0,0,1,2,20,19,6618.276311,20.6,0.125
6,10,15,5,1,0,20,1,19,18,6618.276311,20.6,0.125
4,3,12,2,0,20,0,1,19,2,6618.276311,20.6,0.125
5,12,6,2,17,0,20,1,19,18,6618.276311,20.6,0.125
10,15,12,9,1,0,20,19,1,2,6618.276311,20.6,0.125
11,4,10,18,6,20,0,19,18,17,6618.276311,20.6,0.125
8,9,17,4,2,0,20,1,2,3,6618.276311,20.6,0.125
14,2,16,0,13,20,19,18,0,17,6618.276311,20.6,0.125
2,11,15,16,6,20,19,0,1,18,6618.276311,20.6,0.125
19,5,16,12,7,20,19,0,1,18,6618.276311,20.6,0.125
14,5,6,18,1,0,20,19,1,2,6618.276311,20.6,0.125
8,1,12,6,14,0,20,1,2,3,6618.276311,20.6,0.125
11,12,14,9,7,20,0,19,18,17,6618.276311,20.6,0.125
4,9,19,14,0,20,0,19,18,1,6618.276311,20.6,0.125
19,1,3,11,0,0,20,1,2,3,6618.276311,20.6,0.125
16,1,19,0,9,20,0,1,19,2,6618.276311,20.6,0.125
8,10,18,17,4,0,1,20,2,19,6618.276311,20.6,0.125
4,1,9,12,16,20,19,18,0,17,6618.276311,20.6,0.125
11,5,6,3,17,20,0,19,18,17,6618.276311,20.6,0.125
7,9,10,12,0,20,0,1,19,18,6618.276311,20.6,0.125
19,15,18,4,5,20,0,1,2,19,6618.276311,20.6,0.125
12,15,8,16,14,0,20,19,1,2,6618.276311,20.6,0.125
19,17,8,3,12,0,1,20,2,19,6618.276311,20.6,0.125
15,13,18,5,9,20,0,1,2,3,6618.276311,20.6,0.125
11,5,3,18,15,0,20,1,2,19,6618.276311,20.6,0.125
7,19,6,2,11,0,20,1,2,3,6618.276311,20.6,0.125
16,15,6,7,11,20,19,18,0,17,6618.276311,20.6,0.125
11,15,13,2,3,0,20,1,19,18,6618.276311,20.6,0.125
11,10,0,6,16,0,20,1,2,3,6618.276311,20.6,0.125
7,4,12,10,3,20,19,0,1,18,6618.276311,20.6,0.125
19,9,6,18,4,0,20,19,1,18,6618.276311,20.6,0.125
17,3,14,12,13,20,0,19,18,17,6618.276311,20.6,0.125
18,8,11,16,14,0,20,1,2,19,6618.276311,20.6,0.125
8,15,5,13,19,0,20,19,1,18,6618.276311,20.6,0.125
5,4,11,18,19,20,0,1,19,2,6618.276311,20.6,0.125
9,11,10,18,6,0,20,1,2,19,6618.276311,20.6,0.125
5,14,2,13,12,20,0,1,19,2,6618.276311,20.6,0.125
9,17,7,0,13,20,19,18,0,1,6618.276311,20.6,0.125
11,7,8,4,18,0,20,1,2,19,6618.276311,20.6,0.125
19,12,5,10,8,20,0,19,18,1,6618.276311,20.6,0.125
13,5,8,14,12,0,20,1,2,19,6618.276311,20.6,0.125
9,2,10,4,0,20,0,1,19,18,6618.276311,20.6,0.125
14,18,19,11,5,0,20,1,19,18,6618.276311,20.6,0.125
6,0,4,18,17,0,20,1,2,19,6618.276311,20.6,0.125
16,17,15,19,3,0,20,19,1,2,6618.276311,20.6,0.125
5,19,6,17,8,0,20,1,2,19,6618.276311,20.6,0.125
5,9,19,0,12,20,0,19,18,1,6618.276311,20.6,0.125
4,0,10,7,16,20,0,19,18,1,6618.276311,20.6,0.125
12,4,18,13,10,20,0,1,19,18,6618.276311,20.6,0.125
17,12,3,8,15,20,19,18,0,17,6618.276311,20.6,0.125
18,17,6,14,11,20,0,1,19,2,6618.276311,20.6,0.125
3,15,10,2,14,20,19,0,18,17,6618.276311,20.6,0.125
18,2,3,11,17,20,0,1,19,2,6618.276311,20.6,0.125
7,18,17,15,16,0,20,1,2,3,6618.276311,20.6,0.125
6,4,0,18,7,0,20,19,1,18,6618.276311,20.6,0.125
12,13,5,4,10,0,20,19,1,2,6618.276311,20.6,0.125
15,16,6,10,4,20,0,1,19,18,6618.276311,20.6,0.125
11,3,2,15,12,0,20,1,2,3,6618.276311,20.6,0.125
7,18,4,13,6,0,20,1,2,3,6618.276311,20.6,0.125
13,7,2,0,14,20,0,1,19,18,6618.276311,20.6,0.125
9,5,13,1,18,20,0,1,19,18,6618.276311,20.6,0.125
5,0,1,16,2,20,19,18,0,17,6618.276311,20.6,0.125
12,17,11,13,4,20,0,1,19,2,6618.276311,20.6,0.125
10,8,2,0,1,20,19,0,1,18,6618.276311,20.6,0.125
5,7,15,8,2,0,20,1,2,3,6618.276311,20.6,0.125
15,18,1,14,16,20,19,0,18,1,6618.276311,20.6,0.125
4,17,9,0,11,20,19,18,0,17,6618.276311,20.6,0.125
3,10,14,0,19,0,20,19,1,18,6618.276311,20.6,0.125
8,17,16,7,5,20,19,0,1,18,6618.276311,20.6,0.125
13,1,4,17,10,20,19,18,0,17,6618.276311,20.6,0.125
3,18,2,6,11,0,20,19,18,17,6618.276311,20.6,0.125
8,19,10,11,4,20,19,0,1,18,6618.276311,20.6,0.125
7,13,1,15,16,20,19,0,1,2,6618.276311,20.6,0.125
5,2,8,11,7,20,19,18,0,17,6618.276311,20.6,0.125
0,7,4,18,8,20,0,1,19,18,6618.276311,20.6,0.125
11,9,2,14,6,20,19,0,1,18,6618.276311,20.6,0.125
4,5,17,12,6,20,0,19,1,18,6618.276311,20.6,0.125
15,5,12,7,0,20,0,1,19,2,6618.276311,20.6,0.125
14,10,13,18,7,20,19,18,0,17,6618.276311,20.6,0.125
13,12,18,7,9,20,0,19,18,17,6618.276311,20.6,0.125
13,15,10,4,8,0,20,19,1,2,6618.276311,20.6,0.125
0,12,2,17,5,20,0,1,19,18,6618.276311,20.6,0.125
11,8,9,1,2,0,20,1,2,3,6618.276311,20.6,0.125
11,5,13,6,9,0,1,2,20,19,6618.276311,20.6,0.125
3,17,0,12,6,20,0,1,19,2,6618.276311,20.6,0.125
3,16,14,10,8,0,20,19,1,18,6618.276311,20.6,0.125
7,10,6,12,2,20,0,1,19,18,6618.276311,20.6,0.125
15,1,16,4,12,0,20,1,2,19,6618.276311,20.6,0.125
4,14,13,16,3,20,0,1,19,2,6618.276311,20.6,0.125
8,18,15,19,13,0,20,1,2,19,6618.276311,20.6,0.125
13,18,0,11,2,0,20,19,1,2,6618.276311,20.6,0.125
3,18,6,15,16,0,20,1,2,3,6618.276311,20.6,0.125
11,2,0,3,9,0,20,19,1,18,6618.276311,20.6,0.125
8,16,19,11,14,0,20,19,1,18,6618.276311,20.6,0.125
12,1,19,2,4,20,19,0,18,17,6618.276311,20.6,0.125
12,5,13,14,9,20,0,19,1,18,6618.276311,20.6,0.125
11,13,14,12,4,20,19,18,17,16,6618.276311,20.6,0.125
10,3,19,12,5,0,20,19,1,2,6618.276311,20.6,0.125
14,8,18,3,13,20,19,18,0,17,6618.276311,20.6,0.125
12,10,6,19,9,20,0,19,18,1,6618.276311,20.6,0.125
17,12,8,0,15,20,0,1,19,18,6618.276311,20.6,0.125
19,18,12,7,5,20,0,1,19,2,6618.276311,20.6,0.125
4,0,8,12,14,0,20,19,1,2,6618.276311,20.6,0.125
3,10,2,1,5,20,19,18,0,1,6618.276311,20.6,0.125
18,4,1,5,12,0,20,1,2,19,6618.276311,20.6,0.125
8,6,5,18,11,20,0,1,19,2,6618.276311,20.6,0.125
10,5,3,2,17,0,20,1,2,19,6618.276311,20.6,0.125
4,5,10,16,13,0,20,19,1,2,6618.276311,20.6,0.125
13,7,8,14,0,0,20,1,2,19,6618.276311,20.6,0.125
14,8,13,15,16,0,1,20,19,18,6618.276311,20.6,0.125
9,15,7,17,2,20,0,19,1,2,6618.276311,20.6,0.125
17,5,7,6,11,0,20,1,2,19,6618.276311,20.6,0.125
6,0,2,3,10,0,20,1,2,3,6618.276311,20.6,0.125
17,2,12,1,6,20,0,19,18,17,6618.276311,20.6,0.125
18,14,5,13,8,20,0,1,19,18,6618.276311,20.6,0.125
13,17,2,5,15,0,20,19,1,18,6618.276311,20.6,0.125
16,14,8,2,5,20,0,19,18,17,6618.276311,20.6,0.125
2,15,8,1,12,0,20,1,2,19,6618.276311,20.6,0.125
9,11,3,18,5,20,0,1,19,2,6618.276311,20.6,0.125
6,17,15,4,13,20,0,1,19,2,6618.276311,20.6,0.125
7,15,8,14,4,20,19,0,1,18,6618.276311,20.6,0.125
9,15,18,14,10,0,1,20,19,2,6618.276311,20.6,0.125
19,1,18,4,0,0,20,1,2,19,6618.276311,20.6,0.125
18,7,12,14,4,20,0,1,19,18,6618.276311,20.6,0.125
11,19,9,1,12,20,0,1,19,18,6618.276311,20.6,0.125
8,5,19,2,4,20,19,18,0,17,6618.276311,20.6,0.125
19,4,14,8,12,20,0,1,19,18,6618.276311,20.6,0.125
13,9,18,15,7,20,0,19,18,1,6618.276311,20.6,0.125
18,7,3,10,2,20,0,1,19,2,6618.276311,20.6,0.125
1,18,7,17,3,20,19,18,0,17,6618.276311,20.6,0.125
18,15,7,0,4,20,19,0,1,18,6618.276311,20.6,0.125
12,13,11,5,14,20,0,1,19,18,6618.276311,20.6,0.125
6,12,17,8,15,20,0,1,2,3,6618.276311,20.6,0.125
6,12,19,9,5,0,20,1,2,19,6618.276311,20.6,0.125
10,9,2,3,15,0,20,1,2,3,6618.276311,20.6,0.125
1,19,4,18,0,20,0,1,19,18,6618.276311,20.6,0.125
0,7,4,6,1,20,19,0,1,18,6618.276311,20.6,0.125
2,5,8,18,0,0,20,1,2,19,6618.276311,20.6,0.125
10,12,17,13,16,20,0,1,19,2,6618.276311,20.6,0.125
4,12,17,7,8,20,0,1,19,2,6618.276311,20.6,0.125
4,15,8,7,19,20,19,0,1,18,6618.276311,20.6,0.125
19,7,14,13,5,20,0,1,19,18,6618.276311,20.6,0.125
6,3,12,8,17,20,0,1,19,18,6618.276311,20.6,0.125
3,6,17,5,7,0,20,1,2,3,6618.276311,20.6,0.125
9,0,13,14,7,20,0,1,2,19,6618.276311,20.6,0.125
14,19,4,18,17,0,20,19,1,18,6618.276311,20.6,0.125
11,5,7,10,8,20,0,1,19,2,6618.276311,20.6,0.125
8,1,7,2,14,0,20,19,1,18,6618.276311,20.6,0.125
14,17,11,1,7,0,20,19,1,2,6618.276311,20.6,0.125
13,7,12,3,8,20,0,19,18,17,6618.276311,20.6,0.125
12,9,7,14,2,20,0,1,19,18,6618.276311,20.6,0.125
16,9,5,7,13,20,19,0,1,18,6618.276311,20.6,0.125
4,13,6,11,18,20,0,1,2,3,6618.276311,20.6,0.125
11,13,5,19,14,20,19,0,18,17,6618.276311,20.6,0.125
14,9,16,2,13,0,20,1,2,19,6618.276311,20.6,0.125
7,5,0,11,4,20,0,1,19,2,6618.276311,20.6,0.125
14,15,8,5,18,20,0,19,1,2,6618.276311,20.6,0.125
7,6,1,5,9,20,0,1,19,18,6618.276311,20.6,0.125
2,6,18,14,12,0,20,1,2,3,6618.276311,20.6,0.125
3,13,17,8,11,20,0,1,19,2,6618.276311,20.6,0.125
2,9,17,10,15,0,1,20,19,2,6618.276311,20.6,0.125
7,15,16,14,19,20,0,1,19,18,6618.276311,20.6,0.125
15,7,14,1,17,20,0,1,19,2,6618.276311,20.6,0.125
13,11,5,4,9,20,19,0,1,18,6618.276311,20.6,0.125
9,12,11,14,3,20,0,1,2,3,6618.276311,20.6,0.125
15,5,11,9,1,20,19,18,17,16,6618.276311,20.6,0.125
2,4,0,17,1,20,19,18,0,17,6618.276311,20.6,0.125
13,10,12,11,15,0,20,1,19,2,6618.276311,20.6,0.125
2,15,19,1,4,0,20,1,2,19,6618.276311,20.6,0.125
14,18,2,15,5,0,20,19,1,2,6618.276311,20.6,0.125
12,1,3,16,10,20,0,1,19,18,6618.276311,20.6,0.125
11,3,2,10,13,0,20,19,1,18,6618.276311,20.6,0.125
8,7,9,6,13,20,19,0,1,18,6618.276311,20.6,0.125
17,19,1,7,10,20,19,0,1,18,6618.276311,20.6,0.125
